SOLAR_RADIATION,PRECIPITATION,WIND_SPEED,LEAF_WETNESS,HC_AIR_TEMPERATURE,HC_RELATIVE_HUMIDITY,DEW_POINT,Date
122.0,0.0,1.4,0.0,11.31,0.0,0.0,2024-03-14 16:00:00
61.0,0.0,1.8,0.0,10.79,0.0,0.0,2024-03-14 17:00:00
9.0,0.0,3.7,0.0,10.06,0.0,0.0,2024-03-14 18:00:00
0.0,0.0,3.5,0.0,8.88,0.0,0.0,2024-03-14 19:00:00
0.0,0.2,2.5,0.0,7.76,0.0,0.0,2024-03-14 20:00:00
0.0,1.0,1.7,60.0,6.27,0.0,0.0,2024-03-14 21:00:00
0.0,1.2,1.5,60.0,5.51,91.66,0.0,2024-03-14 22:00:00
0.0,0.8,1.9,60.0,5.23,100.0,5.2,2024-03-14 23:00:00
0.0,0.4,0.7,60.0,5.1,100.0,5.0,2024-03-15 00:00:00
0.0,0.0,0.5,60.0,4.95,100.0,4.9,2024-03-15 01:00:00
0.0,0.0,0.4,0.0,4.9,100.0,4.8,2024-03-15 02:00:00
0.0,0.0,1.7,10.0,4.84,100.0,4.8,2024-03-15 03:00:00
0.0,0.0,3.0,15.0,4.85,100.0,4.8,2024-03-15 04:00:00
0.0,0.0,1.8,0.0,4.95,100.0,4.9,2024-03-15 05:00:00
0.0,0.0,2.1,0.0,4.98,100.0,4.9,2024-03-15 06:00:00
0.0,0.0,1.2,0.0,4.93,100.0,4.9,2024-03-15 07:00:00
29.0,0.0,2.2,0.0,5.02,100.0,4.9,2024-03-15 08:00:00
60.0,0.0,2.7,0.0,5.45,100.0,5.4,2024-03-15 09:00:00
182.0,0.0,2.6,0.0,6.37,100.0,6.3,2024-03-15 10:00:00
128.0,0.0,1.0,0.0,7.51,100.0,7.4,2024-03-15 11:00:00
155.0,0.0,1.7,0.0,7.98,100.0,7.9,2024-03-15 12:00:00
200.0,0.0,3.5,0.0,8.36,100.0,8.3,2024-03-15 13:00:00
329.0,0.0,2.9,0.0,9.54,100.0,9.4,2024-03-15 14:00:00
231.0,0.0,2.6,0.0,9.82,100.0,9.7,2024-03-15 15:00:00
152.0,0.0,1.7,0.0,9.95,100.0,9.9,2024-03-15 16:00:00
118.0,0.0,2.4,0.0,10.03,100.0,9.9,2024-03-15 17:00:00
43.0,0.0,2.8,0.0,9.71,75.0,0.0,2024-03-15 18:00:00
0.0,0.0,2.4,0.0,9.01,91.66,0.0,2024-03-15 19:00:00
0.0,0.2,2.5,0.0,8.51,100.0,8.4,2024-03-15 20:00:00
0.0,0.0,2.5,0.0,7.89,100.0,7.8,2024-03-15 21:00:00
0.0,0.0,2.9,0.0,7.23,100.0,7.1,2024-03-15 22:00:00
0.0,0.0,1.1,0.0,6.76,100.0,6.7,2024-03-15 23:00:00
0.0,0.0,0.0,0.0,5.58,100.0,5.5,2024-03-16 00:00:00
0.0,0.0,0.1,0.0,4.84,100.0,4.8,2024-03-16 01:00:00
0.0,0.0,0.0,0.0,3.89,100.0,3.8,2024-03-16 02:00:00
0.0,0.0,0.1,0.0,3.18,100.0,3.1,2024-03-16 03:00:00
0.0,0.0,0.0,0.0,2.55,100.0,2.5,2024-03-16 04:00:00
0.0,0.0,0.0,0.0,1.89,100.0,1.8,2024-03-16 05:00:00
0.0,0.0,0.2,0.0,1.31,100.0,1.2,2024-03-16 06:00:00
0.0,0.0,0.0,0.0,0.8,100.0,0.7,2024-03-16 07:00:00
43.0,0.0,0.3,0.0,1.45,100.0,1.4,2024-03-16 08:00:00
150.0,0.0,2.4,0.0,3.59,97.13,3.0,2024-03-16 09:00:00
367.0,0.0,2.6,0.0,5.87,100.0,5.8,2024-03-16 10:00:00
550.0,0.0,2.6,0.0,7.87,99.35,7.7,2024-03-16 11:00:00
511.0,0.0,1.9,0.0,9.43,96.92,8.8,2024-03-16 12:00:00
549.0,0.0,1.3,0.0,10.13,91.66,0.0,2024-03-16 13:00:00
393.0,0.0,0.6,0.0,10.9,100.0,10.8,2024-03-16 14:00:00
406.0,0.0,0.3,0.0,11.74,100.0,11.7,2024-03-16 15:00:00
208.0,0.0,0.4,0.0,11.24,64.53,7.1,2024-03-16 16:00:00
151.0,0.0,0.1,0.0,10.94,89.55,0.0,2024-03-16 17:00:00
68.0,0.0,0.0,0.0,10.31,0.0,0.0,2024-03-16 18:00:00
0.0,0.0,0.0,0.0,8.39,89.61,0.0,2024-03-16 19:00:00
0.0,0.0,0.0,0.0,6.87,0.0,0.0,2024-03-16 20:00:00
0.0,0.0,0.0,0.0,6.34,0.0,0.0,2024-03-16 21:00:00
0.0,0.0,0.0,0.0,6.73,0.0,0.0,2024-03-16 22:00:00
0.0,0.0,0.0,0.0,6.56,25.0,0.0,2024-03-16 23:00:00
0.0,0.0,0.2,0.0,6.76,65.65,4.2,2024-03-17 00:00:00
0.0,0.0,0.0,0.0,6.66,83.33,5.5,2024-03-17 01:00:00
0.0,0.0,0.0,0.0,6.24,100.0,6.2,2024-03-17 02:00:00
0.0,0.0,0.0,0.0,6.33,100.0,6.3,2024-03-17 03:00:00
0.0,0.0,0.0,0.0,5.91,90.65,0.0,2024-03-17 04:00:00
0.0,0.0,0.0,0.0,5.58,90.67,0.0,2024-03-17 05:00:00
0.0,0.0,0.0,0.0,5.75,36.71,0.0,2024-03-17 06:00:00
0.0,0.0,0.0,0.0,5.78,0.0,0.0,2024-03-17 07:00:00
42.0,0.0,0.0,0.0,6.35,0.0,0.0,2024-03-17 08:00:00
84.0,0.0,0.0,0.0,7.77,0.0,0.0,2024-03-17 09:00:00
49.0,0.0,0.0,0.0,8.33,0.0,0.0,2024-03-17 10:00:00
83.0,0.2,0.0,0.0,7.54,0.0,0.0,2024-03-17 11:00:00
182.0,0.0,0.2,0.0,8.91,0.0,0.0,2024-03-17 12:00:00
260.0,0.0,0.5,0.0,9.96,0.0,0.0,2024-03-17 13:00:00
320.0,0.0,0.6,0.0,10.88,0.0,0.0,2024-03-17 14:00:00
205.0,0.0,1.0,0.0,11.54,0.0,0.0,2024-03-17 15:00:00
124.0,0.0,0.9,0.0,11.59,0.0,0.0,2024-03-17 16:00:00
82.0,0.0,0.9,0.0,11.74,0.0,0.0,2024-03-17 17:00:00
46.0,0.0,0.5,0.0,11.45,0.0,0.0,2024-03-17 18:00:00
0.0,0.0,0.0,0.0,9.83,0.0,0.0,2024-03-17 19:00:00
0.0,0.0,0.0,0.0,7.73,0.0,0.0,2024-03-17 20:00:00
0.0,0.0,0.0,0.0,7.35,0.0,0.0,2024-03-17 21:00:00
0.0,0.0,0.0,0.0,7.31,0.0,0.0,2024-03-17 22:00:00
0.0,0.0,0.0,0.0,7.51,0.0,0.0,2024-03-17 23:00:00
0.0,0.0,0.0,0.0,7.3,0.0,0.0,2024-03-18 00:00:00
0.0,0.0,0.0,0.0,7.13,0.0,0.0,2024-03-18 01:00:00
0.0,0.0,0.0,0.0,6.63,0.0,0.0,2024-03-18 02:00:00
0.0,0.0,0.0,0.0,6.34,0.0,0.0,2024-03-18 03:00:00
0.0,0.0,0.0,0.0,6.26,0.0,0.0,2024-03-18 04:00:00
0.0,0.0,0.0,0.0,6.27,0.0,0.0,2024-03-18 05:00:00
0.0,0.0,0.0,0.0,6.08,0.0,0.0,2024-03-18 06:00:00
0.0,0.0,0.0,0.0,5.88,43.97,1.9,2024-03-18 07:00:00
61.0,0.0,0.0,0.0,6.7,47.0,2.9,2024-03-18 08:00:00
224.0,0.0,0.3,0.0,8.19,89.6,0.0,2024-03-18 09:00:00
246.0,0.0,0.2,0.0,10.36,100.0,10.3,2024-03-18 10:00:00
247.0,0.0,0.3,0.0,10.43,72.87,0.0,2024-03-18 11:00:00
468.0,0.0,0.1,0.0,12.37,100.0,12.3,2024-03-18 12:00:00
281.0,0.0,0.0,0.0,12.2,100.0,12.1,2024-03-18 13:00:00
296.0,0.0,0.1,0.0,13.11,83.33,10.9,2024-03-18 14:00:00
362.0,0.0,0.2,0.0,13.77,49.36,6.7,2024-03-18 15:00:00
326.0,0.0,0.1,0.0,14.11,0.0,0.0,2024-03-18 16:00:00
267.0,0.0,0.4,0.0,14.2,0.0,0.0,2024-03-18 17:00:00
48.0,0.0,0.2,0.0,13.05,0.0,0.0,2024-03-18 18:00:00
0.0,0.0,0.0,0.0,11.0,0.0,0.0,2024-03-18 19:00:00
0.0,0.0,0.0,0.0,9.26,0.0,0.0,2024-03-18 20:00:00
0.0,0.0,0.0,0.0,8.01,0.0,0.0,2024-03-18 21:00:00
0.0,0.0,0.1,0.0,8.05,0.0,0.0,2024-03-18 22:00:00
0.0,0.0,1.6,0.0,8.39,0.0,0.0,2024-03-18 23:00:00
0.0,0.0,3.0,0.0,8.25,0.0,0.0,2024-03-19 00:00:00
0.0,0.0,3.0,0.0,7.6,0.0,0.0,2024-03-19 01:00:00
0.0,0.0,2.0,0.0,6.39,0.0,0.0,2024-03-19 02:00:00
0.0,0.0,1.9,0.0,6.09,0.0,0.0,2024-03-19 03:00:00
0.0,0.0,2.4,0.0,5.65,0.0,0.0,2024-03-19 04:00:00
0.0,0.0,3.0,0.0,5.39,0.0,0.0,2024-03-19 05:00:00
0.0,0.0,3.0,0.0,4.83,0.0,0.0,2024-03-19 06:00:00
0.0,0.0,3.2,0.0,4.59,0.0,0.0,2024-03-19 07:00:00
96.0,0.0,4.0,0.0,5.91,0.0,0.0,2024-03-19 08:00:00
278.0,0.0,4.7,0.0,8.33,0.0,0.0,2024-03-19 09:00:00
430.0,0.0,4.9,0.0,11.32,0.0,0.0,2024-03-19 10:00:00
531.0,0.0,4.8,0.0,14.11,0.0,0.0,2024-03-19 11:00:00
637.0,0.0,5.7,0.0,16.01,0.0,0.0,2024-03-19 12:00:00
670.0,0.0,5.0,0.0,17.15,0.0,0.0,2024-03-19 13:00:00
621.0,0.0,6.3,0.0,16.84,0.0,0.0,2024-03-19 14:00:00
535.0,0.0,6.7,0.0,17.12,0.0,0.0,2024-03-19 15:00:00
296.0,0.0,6.2,0.0,16.38,0.0,0.0,2024-03-19 16:00:00
162.0,0.0,5.3,0.0,15.64,0.0,0.0,2024-03-19 17:00:00
53.0,0.0,4.9,0.0,14.27,0.0,0.0,2024-03-19 18:00:00
0.0,0.0,4.0,0.0,12.77,0.0,0.0,2024-03-19 19:00:00
0.0,0.0,3.4,0.0,11.29,0.0,0.0,2024-03-19 20:00:00
0.0,0.0,3.1,0.0,10.46,0.0,0.0,2024-03-19 21:00:00
0.0,0.0,3.6,0.0,10.14,0.0,0.0,2024-03-19 22:00:00
0.0,0.0,4.7,0.0,9.57,0.0,0.0,2024-03-19 23:00:00
0.0,0.0,4.6,0.0,8.81,0.0,0.0,2024-03-20 00:00:00
0.0,0.0,3.1,0.0,7.7,0.0,0.0,2024-03-20 01:00:00
0.0,0.0,3.0,0.0,6.83,0.0,0.0,2024-03-20 02:00:00
0.0,0.0,3.3,0.0,6.94,0.0,0.0,2024-03-20 03:00:00
0.0,0.0,2.8,0.0,6.61,0.0,0.0,2024-03-20 04:00:00
0.0,0.0,0.7,0.0,5.44,0.0,0.0,2024-03-20 05:00:00
0.0,0.0,0.9,0.0,4.71,0.0,0.0,2024-03-20 06:00:00
0.0,0.0,3.1,0.0,4.75,0.0,0.0,2024-03-20 07:00:00
43.0,0.0,4.3,0.0,5.27,0.0,0.0,2024-03-20 08:00:00
173.0,0.0,4.7,0.0,6.68,0.0,0.0,2024-03-20 09:00:00
230.0,0.0,5.1,0.0,7.85,0.0,0.0,2024-03-20 10:00:00
388.0,0.0,4.1,0.0,9.65,0.0,0.0,2024-03-20 11:00:00
490.0,0.0,4.7,0.0,10.83,0.0,0.0,2024-03-20 12:00:00
414.0,0.0,3.4,0.0,11.51,0.0,0.0,2024-03-20 13:00:00
297.0,0.0,2.5,0.0,10.95,0.0,0.0,2024-03-20 14:00:00
222.0,0.0,2.0,0.0,10.71,0.0,0.0,2024-03-20 15:00:00
97.0,0.0,1.9,0.0,9.81,0.0,0.0,2024-03-20 16:00:00
33.0,0.0,1.5,0.0,8.72,0.0,0.0,2024-03-20 17:00:00
0.0,0.0,0.7,0.0,7.4,0.0,0.0,2024-03-20 18:00:00
0.0,0.6,1.8,60.0,6.82,0.0,0.0,2024-03-20 19:00:00
0.0,0.0,0.8,60.0,6.71,8.33,0.0,2024-03-20 20:00:00
0.0,0.0,0.5,60.0,6.74,100.0,6.7,2024-03-20 21:00:00
0.0,0.0,0.3,60.0,6.74,100.0,6.7,2024-03-20 22:00:00
0.0,0.0,0.5,60.0,6.58,100.0,6.5,2024-03-20 23:00:00
0.0,0.0,0.2,60.0,6.4,100.0,6.3,2024-03-21 00:00:00
0.0,0.0,0.1,60.0,6.33,100.0,6.2,2024-03-21 01:00:00
0.0,0.0,0.0,60.0,6.2,100.0,6.1,2024-03-21 02:00:00
0.0,0.2,0.2,45.0,6.02,100.0,5.9,2024-03-21 03:00:00
0.0,0.8,0.3,60.0,5.8,100.0,5.7,2024-03-21 04:00:00
0.0,0.0,0.8,60.0,5.65,100.0,5.6,2024-03-21 05:00:00
0.0,0.0,0.4,60.0,5.33,100.0,5.3,2024-03-21 06:00:00
0.0,0.2,0.6,60.0,5.1,100.0,5.0,2024-03-21 07:00:00
9.0,0.2,1.1,60.0,4.92,65.67,3.1,2024-03-21 08:00:00
29.0,0.4,1.7,60.0,4.68,83.33,3.8,2024-03-21 09:00:00
51.0,0.0,1.2,60.0,4.72,91.16,3.3,2024-03-21 10:00:00
357.0,0.0,1.7,15.0,5.56,22.02,0.0,2024-03-21 11:00:00
483.0,0.0,0.7,0.0,7.4,78.22,5.4,2024-03-21 12:00:00
473.0,0.0,0.1,0.0,10.19,0.0,0.0,2024-03-21 13:00:00
485.0,0.0,0.7,0.0,11.47,0.0,0.0,2024-03-21 14:00:00
360.0,0.0,0.7,0.0,10.4,0.0,0.0,2024-03-21 15:00:00
292.0,0.0,0.7,0.0,10.66,0.0,0.0,2024-03-21 16:00:00
130.0,0.0,0.6,0.0,9.37,0.0,0.0,2024-03-21 17:00:00
74.0,0.0,0.4,0.0,8.68,0.0,0.0,2024-03-21 18:00:00
7.0,0.0,0.1,0.0,7.64,0.0,0.0,2024-03-21 19:00:00
0.0,0.0,0.8,0.0,6.47,0.0,0.0,2024-03-21 20:00:00
0.0,0.0,0.6,0.0,5.46,0.0,0.0,2024-03-21 21:00:00
0.0,0.0,0.3,0.0,4.57,0.0,0.0,2024-03-21 22:00:00
0.0,0.0,0.2,0.0,3.69,0.0,0.0,2024-03-21 23:00:00
0.0,0.0,0.3,0.0,2.99,0.0,0.0,2024-03-22 00:00:00
0.0,0.0,0.1,0.0,2.13,0.0,0.0,2024-03-22 01:00:00
0.0,0.0,0.1,0.0,1.71,0.0,0.0,2024-03-22 02:00:00
0.0,0.0,0.1,0.0,1.55,0.0,0.0,2024-03-22 03:00:00
0.0,0.0,0.4,0.0,1.84,16.66,0.3,2024-03-22 04:00:00
0.0,0.0,0.9,0.0,2.18,41.66,0.0,2024-03-22 05:00:00
0.0,0.0,0.6,0.0,2.15,0.0,0.0,2024-03-22 06:00:00
11.0,0.0,0.7,0.0,2.22,0.0,0.0,2024-03-22 07:00:00
43.0,0.0,0.8,0.0,2.99,0.0,0.0,2024-03-22 08:00:00
80.0,0.0,0.4,0.0,3.88,0.0,0.0,2024-03-22 09:00:00
164.0,0.0,1.0,0.0,4.86,0.0,0.0,2024-03-22 10:00:00
143.0,0.0,1.8,0.0,5.25,0.0,0.0,2024-03-22 11:00:00
146.0,0.0,0.6,0.0,5.87,0.0,0.0,2024-03-22 12:00:00
136.0,0.0,0.4,0.0,6.34,0.0,0.0,2024-03-22 13:00:00
136.0,0.0,0.5,0.0,6.7,0.0,0.0,2024-03-22 14:00:00
127.0,0.0,1.0,0.0,6.85,0.0,0.0,2024-03-22 15:00:00
134.0,0.0,1.4,0.0,7.25,0.0,0.0,2024-03-22 16:00:00
71.0,0.0,1.5,0.0,7.01,0.0,0.0,2024-03-22 17:00:00
33.0,0.0,0.8,0.0,6.49,0.0,0.0,2024-03-22 18:00:00
0.0,0.0,0.4,0.0,5.59,0.0,0.0,2024-03-22 19:00:00
0.0,0.0,1.5,0.0,5.08,0.0,0.0,2024-03-22 20:00:00
0.0,0.0,1.3,0.0,4.93,0.0,0.0,2024-03-22 21:00:00
0.0,0.0,0.2,0.0,4.64,0.0,0.0,2024-03-22 22:00:00
0.0,0.0,0.2,0.0,3.98,0.0,0.0,2024-03-22 23:00:00
0.0,0.0,0.2,0.0,3.72,0.0,0.0,2024-03-23 00:00:00
0.0,1.4,0.7,55.0,3.18,0.0,0.0,2024-03-23 01:00:00
0.0,0.8,1.1,60.0,2.72,0.0,0.0,2024-03-23 02:00:00
0.0,0.2,0.2,60.0,2.57,0.0,0.0,2024-03-23 03:00:00
0.0,0.8,0.5,60.0,2.4,0.0,0.0,2024-03-23 04:00:00
0.0,0.8,0.0,60.0,2.17,0.0,0.0,2024-03-23 05:00:00
0.0,1.0,0.0,60.0,1.95,0.0,0.0,2024-03-23 06:00:00
0.0,1.2,0.2,60.0,1.86,0.0,0.0,2024-03-23 07:00:00
34.0,0.4,1.1,60.0,2.09,0.0,0.0,2024-03-23 08:00:00
105.0,0.2,1.1,25.0,2.85,0.0,0.0,2024-03-23 09:00:00
126.0,0.0,0.6,0.0,3.87,0.0,0.0,2024-03-23 10:00:00
244.0,0.0,0.7,0.0,5.22,0.0,0.0,2024-03-23 11:00:00
433.0,0.0,0.6,0.0,7.04,0.0,0.0,2024-03-23 12:00:00
617.0,0.0,0.7,0.0,8.79,0.0,0.0,2024-03-23 13:00:00
248.0,0.0,0.2,0.0,9.12,0.0,0.0,2024-03-23 14:00:00
423.0,0.0,0.1,0.0,10.61,0.0,0.0,2024-03-23 15:00:00
348.0,0.0,0.4,0.0,10.86,0.0,0.0,2024-03-23 16:00:00
153.0,0.0,0.4,0.0,10.34,0.0,0.0,2024-03-23 17:00:00
78.0,0.0,0.2,0.0,10.2,0.0,0.0,2024-03-23 18:00:00
0.0,0.0,0.0,0.0,8.68,0.0,0.0,2024-03-23 19:00:00
0.0,0.0,0.0,0.0,6.52,0.0,0.0,2024-03-23 20:00:00
0.0,0.0,0.0,0.0,5.7,0.0,0.0,2024-03-23 21:00:00
0.0,0.0,0.0,0.0,4.6,0.0,0.0,2024-03-23 22:00:00
0.0,0.0,0.2,0.0,3.83,0.0,0.0,2024-03-23 23:00:00
0.0,0.0,0.1,0.0,3.61,0.0,0.0,2024-03-24 00:00:00
0.0,0.0,0.0,0.0,3.39,0.0,0.0,2024-03-24 01:00:00
0.0,0.0,0.0,0.0,2.94,0.0,0.0,2024-03-24 02:00:00
0.0,0.0,0.0,0.0,2.72,0.0,0.0,2024-03-24 03:00:00
0.0,0.0,0.0,0.0,1.84,0.0,0.0,2024-03-24 04:00:00
0.0,0.0,0.0,0.0,0.75,0.0,0.0,2024-03-24 05:00:00
0.0,0.0,0.0,0.0,1.18,0.0,0.0,2024-03-24 06:00:00
8.0,0.0,0.0,0.0,1.39,0.0,0.0,2024-03-24 07:00:00
109.0,0.0,0.0,0.0,2.29,0.0,0.0,2024-03-24 08:00:00
254.0,0.0,0.1,0.0,5.76,0.0,0.0,2024-03-24 09:00:00
452.0,0.0,0.0,0.0,8.91,0.0,0.0,2024-03-24 10:00:00
565.0,0.0,0.2,0.0,11.5,0.0,0.0,2024-03-24 11:00:00
345.0,0.0,0.3,0.0,11.76,0.0,0.0,2024-03-24 12:00:00
566.0,0.0,0.7,0.0,12.66,0.0,0.0,2024-03-24 13:00:00
270.0,0.0,0.3,0.0,12.41,0.0,0.0,2024-03-24 14:00:00
448.0,0.0,0.1,0.0,13.16,0.0,0.0,2024-03-24 15:00:00
397.0,0.0,0.4,0.0,13.93,0.0,0.0,2024-03-24 16:00:00
141.0,0.0,0.0,0.0,12.93,0.0,0.0,2024-03-24 17:00:00
85.0,0.0,0.1,0.0,12.84,0.0,0.0,2024-03-24 18:00:00
7.0,0.0,0.0,0.0,12.12,0.0,0.0,2024-03-24 19:00:00
0.0,0.0,0.8,0.0,10.07,0.0,0.0,2024-03-24 20:00:00
0.0,0.0,0.7,0.0,9.02,0.0,0.0,2024-03-24 21:00:00
0.0,0.0,1.5,0.0,8.3,0.0,0.0,2024-03-24 22:00:00
0.0,0.0,0.4,0.0,8.25,0.0,0.0,2024-03-24 23:00:00
0.0,0.0,0.1,0.0,7.63,0.0,0.0,2024-03-25 00:00:00
0.0,0.0,0.0,0.0,6.47,0.0,0.0,2024-03-25 01:00:00
0.0,0.0,0.3,0.0,5.86,0.0,0.0,2024-03-25 02:00:00
0.0,0.0,0.0,0.0,5.07,0.0,0.0,2024-03-25 03:00:00
0.0,0.0,0.0,0.0,4.37,0.0,0.0,2024-03-25 04:00:00
0.0,0.0,0.0,0.0,3.89,7.41,0.0,2024-03-25 05:00:00
0.0,0.0,0.7,0.0,3.48,7.36,0.0,2024-03-25 06:00:00
14.0,0.2,0.9,0.0,3.4,0.0,0.0,2024-03-25 07:00:00
103.0,0.0,1.6,0.0,4.92,0.0,0.0,2024-03-25 08:00:00
262.0,0.0,1.0,0.0,5.94,0.0,0.0,2024-03-25 09:00:00
472.0,0.0,1.8,0.0,8.84,0.0,0.0,2024-03-25 10:00:00
604.0,0.0,1.5,0.0,11.48,0.0,0.0,2024-03-25 11:00:00
689.0,0.0,1.2,0.0,13.7,0.0,0.0,2024-03-25 12:00:00
704.0,0.0,1.6,0.0,15.22,0.0,0.0,2024-03-25 13:00:00
675.0,0.0,1.8,0.0,15.66,0.0,0.0,2024-03-25 14:00:00
485.0,0.0,1.7,0.0,16.22,0.0,0.0,2024-03-25 15:00:00
421.0,0.0,2.0,0.0,16.76,0.0,0.0,2024-03-25 16:00:00
234.0,0.0,1.3,0.0,16.53,0.0,0.0,2024-03-25 17:00:00
88.0,0.0,1.3,0.0,15.83,0.0,0.0,2024-03-25 18:00:00
0.0,0.0,2.8,0.0,13.93,0.0,0.0,2024-03-25 19:00:00
0.0,0.0,3.1,0.0,12.45,0.0,0.0,2024-03-25 20:00:00
0.0,0.0,2.2,0.0,10.6,0.0,0.0,2024-03-25 21:00:00
0.0,0.0,0.5,0.0,9.13,0.0,0.0,2024-03-25 22:00:00
0.0,0.0,0.7,0.0,7.78,0.0,0.0,2024-03-25 23:00:00
0.0,0.0,0.9,0.0,6.53,0.0,0.0,2024-03-26 00:00:00
0.0,0.0,1.2,0.0,5.64,0.0,0.0,2024-03-26 01:00:00
0.0,0.0,1.9,0.0,4.93,0.0,0.0,2024-03-26 02:00:00
0.0,0.0,1.6,0.0,4.78,0.0,0.0,2024-03-26 03:00:00
0.0,0.0,1.8,0.0,4.39,0.0,0.0,2024-03-26 04:00:00
0.0,0.0,2.5,0.0,3.81,0.0,0.0,2024-03-26 05:00:00
0.0,0.0,2.4,0.0,3.04,0.0,0.0,2024-03-26 06:00:00
11.0,0.0,1.6,0.0,2.98,0.0,0.0,2024-03-26 07:00:00
52.0,0.0,1.9,0.0,3.19,0.0,0.0,2024-03-26 08:00:00
98.0,0.0,2.1,0.0,4.11,0.0,0.0,2024-03-26 09:00:00
71.0,0.0,1.8,0.0,4.91,0.0,0.0,2024-03-26 10:00:00
64.0,0.6,1.8,0.0,5.39,0.0,0.0,2024-03-26 11:00:00
74.0,3.2,2.0,45.0,6.18,0.0,0.0,2024-03-26 12:00:00
296.0,0.6,2.6,45.0,7.17,0.0,0.0,2024-03-26 13:00:00
261.0,0.0,2.3,0.0,9.38,0.0,0.0,2024-03-26 14:00:00
256.0,0.0,3.0,0.0,10.14,0.0,0.0,2024-03-26 15:00:00
178.0,0.0,3.8,0.0,9.81,0.0,0.0,2024-03-26 16:00:00
225.0,0.0,3.8,0.0,9.31,0.0,0.0,2024-03-26 17:00:00
76.0,0.0,2.6,0.0,7.53,0.0,0.0,2024-03-26 18:00:00
0.0,0.0,2.0,0.0,6.54,0.0,0.0,2024-03-26 19:00:00
0.0,0.0,2.7,0.0,6.2,0.0,0.0,2024-03-26 20:00:00
0.0,0.0,1.7,0.0,5.87,0.0,0.0,2024-03-26 21:00:00
0.0,0.0,1.3,0.0,5.68,0.0,0.0,2024-03-26 22:00:00
0.0,0.0,1.8,0.0,5.46,0.0,0.0,2024-03-26 23:00:00
0.0,0.0,0.7,0.0,4.56,0.0,0.0,2024-03-27 00:00:00
0.0,0.0,0.6,0.0,4.76,0.0,0.0,2024-03-27 01:00:00
0.0,0.0,0.7,0.0,5.22,0.0,0.0,2024-03-27 02:00:00
0.0,0.0,0.8,0.0,5.53,0.0,0.0,2024-03-27 03:00:00
0.0,0.4,0.3,0.0,6.04,0.0,0.0,2024-03-27 04:00:00
0.0,0.0,0.5,0.0,5.99,0.0,0.0,2024-03-27 05:00:00
0.0,0.0,0.1,0.0,5.99,0.0,0.0,2024-03-27 06:00:00
8.0,0.0,0.7,0.0,6.19,0.0,0.0,2024-03-27 07:00:00
40.0,0.0,1.2,0.0,6.58,0.0,0.0,2024-03-27 08:00:00
187.0,0.0,1.1,0.0,7.3,0.0,0.0,2024-03-27 09:00:00
301.0,0.0,2.1,0.0,8.57,0.0,0.0,2024-03-27 10:00:00
207.0,0.0,2.1,0.0,9.4,0.0,0.0,2024-03-27 11:00:00
393.0,0.0,2.1,0.0,10.66,0.0,0.0,2024-03-27 12:00:00
439.0,0.0,2.1,0.0,11.65,0.0,0.0,2024-03-27 13:00:00
287.0,0.0,2.1,0.0,12.27,0.0,0.0,2024-03-27 14:00:00
505.0,0.0,2.8,0.0,13.62,0.0,0.0,2024-03-27 15:00:00
456.0,0.0,3.9,0.0,13.58,0.0,0.0,2024-03-27 16:00:00
281.0,0.0,3.5,0.0,13.08,0.0,0.0,2024-03-27 17:00:00
57.0,0.0,3.4,0.0,11.64,0.0,0.0,2024-03-27 18:00:00
10.0,0.0,2.5,0.0,10.2,0.0,0.0,2024-03-27 19:00:00
0.0,0.0,1.9,0.0,9.08,0.0,0.0,2024-03-27 20:00:00
0.0,0.0,0.7,0.0,7.82,0.0,0.0,2024-03-27 21:00:00
0.0,0.0,0.0,0.0,6.43,0.0,0.0,2024-03-27 22:00:00
0.0,0.0,0.0,0.0,5.63,0.0,0.0,2024-03-27 23:00:00
0.0,0.0,0.1,0.0,6.03,0.0,0.0,2024-03-28 00:00:00
0.0,0.0,0.0,0.0,5.18,0.0,0.0,2024-03-28 01:00:00
0.0,0.0,0.0,0.0,5.47,0.0,0.0,2024-03-28 02:00:00
0.0,0.0,0.0,0.0,5.06,0.0,0.0,2024-03-28 03:00:00
0.0,0.0,0.0,0.0,3.45,0.0,0.0,2024-03-28 04:00:00
0.0,0.0,0.0,0.0,2.64,0.0,0.0,2024-03-28 05:00:00
0.0,0.0,0.0,0.0,2.39,0.0,0.0,2024-03-28 06:00:00
19.0,0.0,0.1,0.0,2.34,0.0,0.0,2024-03-28 07:00:00
120.0,0.0,0.6,0.0,4.57,0.0,0.0,2024-03-28 08:00:00
311.0,0.0,0.9,0.0,7.79,0.0,0.0,2024-03-28 09:00:00
498.0,0.0,1.3,0.0,11.38,0.0,0.0,2024-03-28 10:00:00
623.0,0.0,2.2,0.0,13.62,0.0,0.0,2024-03-28 11:00:00
636.0,0.0,1.8,0.0,15.11,0.0,0.0,2024-03-28 12:00:00
624.0,0.0,1.9,0.0,16.29,0.0,0.0,2024-03-28 13:00:00
682.0,0.0,1.5,0.0,17.35,0.0,0.0,2024-03-28 14:00:00
584.0,0.0,1.6,0.0,17.99,0.0,0.0,2024-03-28 15:00:00
453.0,0.0,0.9,0.0,18.43,0.0,0.0,2024-03-28 16:00:00
280.0,0.0,1.1,0.0,18.64,0.0,0.0,2024-03-28 17:00:00
108.0,0.0,1.1,0.0,18.08,0.0,0.0,2024-03-28 18:00:00
9.0,0.0,1.4,0.0,15.76,0.0,0.0,2024-03-28 19:00:00
0.0,0.0,0.1,0.0,13.76,0.0,0.0,2024-03-28 20:00:00
0.0,0.0,0.2,0.0,12.67,0.0,0.0,2024-03-28 21:00:00
0.0,0.0,1.8,0.0,11.56,0.0,0.0,2024-03-28 22:00:00
0.0,0.0,2.3,0.0,11.34,0.0,0.0,2024-03-28 23:00:00
0.0,0.0,1.4,0.0,10.32,0.0,0.0,2024-03-29 00:00:00
0.0,0.0,0.1,0.0,9.38,0.0,0.0,2024-03-29 01:00:00
0.0,0.0,0.0,0.0,9.37,0.0,0.0,2024-03-29 02:00:00
0.0,0.0,0.1,0.0,8.59,0.0,0.0,2024-03-29 03:00:00
0.0,0.0,0.3,0.0,8.55,0.0,0.0,2024-03-29 04:00:00
0.0,0.0,0.1,0.0,7.79,0.0,0.0,2024-03-29 05:00:00
0.0,0.0,0.0,0.0,6.97,0.0,0.0,2024-03-29 06:00:00
17.0,0.0,0.0,0.0,7.16,0.0,0.0,2024-03-29 07:00:00
71.0,0.0,0.3,0.0,8.39,0.0,0.0,2024-03-29 08:00:00
221.0,0.0,0.9,0.0,10.89,0.0,0.0,2024-03-29 09:00:00
327.0,0.0,1.0,0.0,13.8,0.0,0.0,2024-03-29 10:00:00
324.0,0.0,0.5,0.0,16.56,0.0,0.0,2024-03-29 11:00:00
417.0,0.0,1.2,0.0,18.6,0.0,0.0,2024-03-29 12:00:00
195.0,0.0,1.6,0.0,18.1,0.0,0.0,2024-03-29 13:00:00
157.0,0.0,1.9,0.0,17.04,0.0,0.0,2024-03-29 14:00:00
172.0,0.0,1.9,0.0,15.82,0.0,0.0,2024-03-29 15:00:00
125.0,0.0,0.8,0.0,14.92,0.0,0.0,2024-03-29 16:00:00
86.0,0.2,0.4,0.0,15.09,0.0,0.0,2024-03-29 17:00:00
30.0,0.0,1.5,0.0,14.98,0.0,0.0,2024-03-29 18:00:00
11.0,0.0,2.0,0.0,14.74,0.0,0.0,2024-03-29 19:00:00
0.0,0.0,1.3,0.0,14.1,0.0,0.0,2024-03-29 20:00:00
0.0,0.0,0.7,0.0,13.49,0.0,0.0,2024-03-29 21:00:00
0.0,0.0,0.7,0.0,12.77,0.0,0.0,2024-03-29 22:00:00
0.0,0.0,0.5,0.0,12.46,0.0,0.0,2024-03-29 23:00:00
0.0,0.2,1.5,0.0,13.12,0.0,0.0,2024-03-30 00:00:00
0.0,2.0,1.2,25.0,12.39,0.0,0.0,2024-03-30 01:00:00
0.0,0.0,2.9,60.0,12.87,0.0,0.0,2024-03-30 02:00:00
0.0,0.0,4.4,60.0,12.93,0.0,0.0,2024-03-30 03:00:00
0.0,0.0,2.9,10.0,11.5,0.0,0.0,2024-03-30 04:00:00
0.0,0.0,3.0,0.0,10.81,0.0,0.0,2024-03-30 05:00:00
0.0,0.0,3.7,0.0,10.34,0.0,0.0,2024-03-30 06:00:00
12.0,0.0,3.3,0.0,10.04,0.0,0.0,2024-03-30 07:00:00
160.0,0.0,3.0,0.0,10.37,0.0,0.0,2024-03-30 08:00:00
239.0,0.0,3.5,0.0,11.3,0.0,0.0,2024-03-30 09:00:00
232.0,0.0,3.1,0.0,11.75,0.0,0.0,2024-03-30 10:00:00
258.0,0.0,2.8,0.0,12.05,0.0,0.0,2024-03-30 11:00:00
659.0,0.0,3.6,0.0,13.63,0.0,0.0,2024-03-30 12:00:00
710.0,0.0,3.4,0.0,15.19,0.0,0.0,2024-03-30 13:00:00
488.0,0.0,3.2,0.0,15.78,0.0,0.0,2024-03-30 14:00:00
431.0,0.0,2.8,0.0,16.62,0.0,0.0,2024-03-30 15:00:00
412.0,0.0,2.6,0.0,16.95,0.0,0.0,2024-03-30 16:00:00
250.0,0.0,2.2,0.0,16.75,0.0,0.0,2024-03-30 17:00:00
87.0,0.0,1.1,0.0,16.1,0.0,0.0,2024-03-30 18:00:00
9.0,0.0,0.0,0.0,14.01,0.0,0.0,2024-03-30 19:00:00
0.0,0.0,0.0,0.0,11.73,0.0,0.0,2024-03-30 20:00:00
0.0,0.0,0.0,0.0,10.4,0.0,0.0,2024-03-30 21:00:00
0.0,0.0,0.0,0.0,8.83,0.0,0.0,2024-03-30 22:00:00
0.0,0.0,0.0,0.0,8.1,0.0,0.0,2024-03-30 23:00:00
0.0,0.0,0.0,0.0,7.84,0.0,0.0,2024-03-31 00:00:00
0.0,0.0,0.0,0.0,7.04,0.0,0.0,2024-03-31 01:00:00
0.0,0.0,0.0,0.0,5.82,0.0,0.0,2024-03-31 02:00:00
0.0,0.0,0.0,0.0,6.23,0.0,0.0,2024-03-31 03:00:00
0.0,0.0,0.0,0.0,5.63,0.0,0.0,2024-03-31 04:00:00
0.0,0.0,0.0,0.0,5.42,0.0,0.0,2024-03-31 05:00:00
0.0,0.0,0.0,0.0,5.44,0.0,0.0,2024-03-31 06:00:00
23.0,0.0,0.0,0.0,5.41,0.0,0.0,2024-03-31 07:00:00
91.0,0.0,0.0,0.0,7.83,0.0,0.0,2024-03-31 08:00:00
289.0,0.0,0.2,0.0,10.71,0.0,0.0,2024-03-31 09:00:00
449.0,0.0,0.8,0.0,14.62,0.0,0.0,2024-03-31 10:00:00
568.0,0.0,1.1,0.0,16.91,0.0,0.0,2024-03-31 11:00:00
643.0,0.0,0.9,0.0,19.15,0.0,0.0,2024-03-31 12:00:00
661.0,0.0,1.1,0.0,20.29,0.0,0.0,2024-03-31 13:00:00
619.0,0.0,1.5,0.0,21.02,0.0,0.0,2024-03-31 14:00:00
519.0,0.0,1.8,0.0,21.28,0.0,0.0,2024-03-31 15:00:00
390.0,0.0,1.8,0.0,21.46,0.0,0.0,2024-03-31 16:00:00
233.0,0.0,1.8,0.0,21.25,0.0,0.0,2024-03-31 17:00:00
97.0,0.0,1.4,0.0,20.52,0.0,0.0,2024-03-31 18:00:00
13.0,0.0,0.3,0.0,18.23,0.0,0.0,2024-03-31 19:00:00
0.0,0.0,0.8,0.0,16.16,0.0,0.0,2024-03-31 20:00:00
0.0,0.0,2.7,0.0,15.69,0.0,0.0,2024-03-31 21:00:00
0.0,0.0,3.0,0.0,15.25,0.0,0.0,2024-03-31 22:00:00
0.0,0.0,2.7,0.0,14.56,0.0,0.0,2024-03-31 23:00:00
0.0,0.0,2.5,0.0,13.62,0.0,0.0,2024-04-01 00:00:00
0.0,0.0,2.2,0.0,12.68,0.0,0.0,2024-04-01 01:00:00
0.0,0.0,1.9,0.0,11.42,0.0,0.0,2024-04-01 02:00:00
0.0,0.0,1.1,0.0,10.27,0.0,0.0,2024-04-01 03:00:00
0.0,0.0,0.3,0.0,9.76,0.0,0.0,2024-04-01 04:00:00
0.0,0.0,0.3,0.0,9.33,0.0,0.0,2024-04-01 05:00:00
0.0,0.0,0.2,0.0,8.66,0.0,0.0,2024-04-01 06:00:00
32.0,0.0,1.5,0.0,8.44,0.0,0.0,2024-04-01 07:00:00
133.0,0.0,1.1,0.0,10.32,0.0,0.0,2024-04-01 08:00:00
304.0,0.0,0.8,0.0,12.91,0.0,0.0,2024-04-01 09:00:00
473.0,0.0,1.5,0.0,16.45,0.0,0.0,2024-04-01 10:00:00
586.0,0.0,1.4,0.0,19.7,0.0,0.0,2024-04-01 11:00:00
647.0,0.0,1.2,0.0,22.24,0.0,0.0,2024-04-01 12:00:00
678.0,0.0,1.6,0.0,24.05,0.0,0.0,2024-04-01 13:00:00
611.0,0.0,1.5,0.0,25.08,0.0,0.0,2024-04-01 14:00:00
562.0,0.0,0.3,0.0,26.08,0.0,0.0,2024-04-01 15:00:00
413.0,0.0,0.2,0.0,26.4,0.0,0.0,2024-04-01 16:00:00
257.0,0.0,0.1,0.0,26.17,0.0,0.0,2024-04-01 17:00:00
98.0,0.0,0.2,0.0,24.91,0.0,0.0,2024-04-01 18:00:00
7.0,0.0,0.0,0.0,21.16,0.0,0.0,2024-04-01 19:00:00
0.0,0.0,0.0,0.0,19.5,0.0,0.0,2024-04-01 20:00:00
0.0,0.0,0.0,0.0,18.58,0.0,0.0,2024-04-01 21:00:00
0.0,0.0,0.0,0.0,16.24,0.0,0.0,2024-04-01 22:00:00
0.0,0.0,0.0,0.0,14.89,0.0,0.0,2024-04-01 23:00:00
0.0,0.0,0.0,0.0,12.82,0.0,0.0,2024-04-02 00:00:00
0.0,0.0,0.0,0.0,11.51,0.0,0.0,2024-04-02 01:00:00
0.0,0.0,0.0,0.0,11.1,0.0,0.0,2024-04-02 02:00:00
0.0,0.0,0.0,0.0,9.86,0.0,0.0,2024-04-02 03:00:00
0.0,0.0,0.0,0.0,9.94,0.0,0.0,2024-04-02 04:00:00
0.0,0.0,0.0,0.0,10.5,0.0,0.0,2024-04-02 05:00:00
0.0,0.0,0.0,0.0,11.33,0.0,0.0,2024-04-02 06:00:00
32.0,0.0,0.0,0.0,10.41,0.0,0.0,2024-04-02 07:00:00
148.0,0.0,0.0,0.0,12.54,0.0,0.0,2024-04-02 08:00:00
328.0,0.0,1.5,0.0,14.93,0.0,0.0,2024-04-02 09:00:00
488.0,0.0,1.7,0.0,18.17,0.0,0.0,2024-04-02 10:00:00
623.0,0.0,1.1,0.0,22.08,0.0,0.0,2024-04-02 11:00:00
665.0,0.0,1.6,0.0,24.06,0.0,0.0,2024-04-02 12:00:00
714.0,0.0,1.2,0.0,25.75,0.0,0.0,2024-04-02 13:00:00
663.0,0.0,1.1,0.0,26.8,0.0,0.0,2024-04-02 14:00:00
536.0,0.0,0.4,0.0,27.34,0.0,0.0,2024-04-02 15:00:00
417.0,0.0,0.3,0.0,27.34,0.0,0.0,2024-04-02 16:00:00
243.0,0.0,0.4,0.0,27.16,0.0,0.0,2024-04-02 17:00:00
98.0,0.0,0.0,0.0,26.0,0.0,0.0,2024-04-02 18:00:00
13.0,0.0,0.0,0.0,22.88,0.0,0.0,2024-04-02 19:00:00
0.0,0.0,0.0,0.0,19.86,0.0,0.0,2024-04-02 20:00:00
0.0,0.0,0.0,0.0,18.06,0.0,0.0,2024-04-02 21:00:00
0.0,0.0,0.0,0.0,16.63,0.0,0.0,2024-04-02 22:00:00
0.0,0.0,0.0,0.0,16.42,0.0,0.0,2024-04-02 23:00:00
0.0,0.0,0.0,0.0,15.85,0.0,0.0,2024-04-03 00:00:00
0.0,0.0,0.0,0.0,15.14,0.0,0.0,2024-04-03 01:00:00
0.0,0.0,0.1,0.0,14.21,0.0,0.0,2024-04-03 02:00:00
0.0,0.0,0.0,0.0,11.45,0.0,0.0,2024-04-03 03:00:00
0.0,0.0,0.2,0.0,12.09,0.0,0.0,2024-04-03 04:00:00
0.0,0.0,0.6,0.0,11.56,0.0,0.0,2024-04-03 05:00:00
0.0,0.0,0.9,0.0,12.7,0.0,0.0,2024-04-03 06:00:00
20.0,0.0,1.1,0.0,11.49,0.0,0.0,2024-04-03 07:00:00
148.0,0.0,1.0,0.0,13.77,0.0,0.0,2024-04-03 08:00:00
331.0,0.0,0.9,0.0,17.18,0.0,0.0,2024-04-03 09:00:00
509.0,0.0,1.3,0.0,21.12,0.0,0.0,2024-04-03 10:00:00
610.0,0.0,1.9,0.0,25.07,0.0,0.0,2024-04-03 11:00:00
565.0,0.0,1.6,0.0,26.43,0.0,0.0,2024-04-03 12:00:00
667.0,0.0,2.6,0.0,25.24,0.0,0.0,2024-04-03 13:00:00
289.0,0.0,3.4,0.0,21.87,0.0,0.0,2024-04-03 14:00:00
187.0,0.0,2.8,0.0,19.92,0.0,0.0,2024-04-03 15:00:00
85.0,0.0,3.2,0.0,18.11,0.0,0.0,2024-04-03 16:00:00
38.0,0.0,3.4,0.0,16.91,0.0,0.0,2024-04-03 17:00:00
0.0,0.4,4.1,0.0,13.56,0.0,0.0,2024-04-03 18:00:00
0.0,0.6,2.8,40.0,11.34,0.0,0.0,2024-04-03 19:00:00
0.0,3.2,1.8,60.0,10.39,0.0,0.0,2024-04-03 20:00:00
0.0,1.6,0.5,60.0,9.32,0.0,0.0,2024-04-03 21:00:00
0.0,0.8,1.4,60.0,9.22,0.0,0.0,2024-04-03 22:00:00
0.0,0.4,1.7,25.0,9.06,0.0,0.0,2024-04-03 23:00:00
0.0,0.2,0.8,20.0,9.2,0.0,0.0,2024-04-04 00:00:00
0.0,0.0,1.7,0.0,9.11,82.28,7.4,2024-04-04 01:00:00
0.0,0.0,2.1,0.0,9.12,97.24,8.6,2024-04-04 02:00:00
0.0,0.0,2.5,0.0,9.85,82.27,8.0,2024-04-04 03:00:00
0.0,0.0,3.2,0.0,10.06,88.45,0.0,2024-04-04 04:00:00
0.0,0.0,1.9,0.0,9.39,37.45,0.0,2024-04-04 05:00:00
0.0,0.0,1.5,0.0,8.92,0.0,0.0,2024-04-04 06:00:00
27.0,0.0,1.1,0.0,8.71,0.0,0.0,2024-04-04 07:00:00
176.0,0.0,1.6,0.0,10.54,0.0,0.0,2024-04-04 08:00:00
194.0,0.0,2.3,0.0,12.43,0.0,0.0,2024-04-04 09:00:00
517.0,0.0,2.2,0.0,14.51,0.0,0.0,2024-04-04 10:00:00
655.0,0.0,2.8,0.0,15.81,0.0,0.0,2024-04-04 11:00:00
742.0,0.0,2.8,0.0,17.04,8.33,0.0,2024-04-04 12:00:00
748.0,0.0,3.1,0.0,17.89,91.66,0.0,2024-04-04 13:00:00
752.0,0.0,2.6,0.0,18.68,100.0,18.6,2024-04-04 14:00:00
527.0,0.0,2.0,0.0,19.06,75.0,0.0,2024-04-04 15:00:00
513.0,0.0,1.9,0.0,19.29,25.0,0.0,2024-04-04 16:00:00
264.0,0.0,1.7,0.0,18.9,16.66,3.2,2024-04-04 17:00:00
130.0,0.0,0.7,0.0,18.22,0.0,0.0,2024-04-04 18:00:00
0.0,0.0,0.0,0.0,13.87,66.66,9.2,2024-04-04 20:00:00
0.0,0.0,0.0,0.0,11.43,16.66,2.0,2024-04-04 21:00:00
0.0,0.0,0.0,0.0,11.02,0.0,0.0,2024-04-04 22:00:00
0.0,0.0,0.0,0.0,11.25,0.0,0.0,2024-04-04 23:00:00
0.0,0.0,0.0,0.0,10.19,0.0,0.0,2024-04-05 00:00:00
0.0,0.0,0.0,0.0,9.27,0.0,0.0,2024-04-05 01:00:00
0.0,0.0,0.0,0.0,6.97,0.0,0.0,2024-04-05 02:00:00
0.0,0.0,0.0,0.0,7.15,0.0,0.0,2024-04-05 03:00:00
0.0,0.0,0.0,0.0,7.42,0.0,0.0,2024-04-05 04:00:00
0.0,0.0,0.0,0.0,6.73,0.0,0.0,2024-04-05 05:00:00
0.0,0.0,0.0,0.0,7.42,7.32,0.0,2024-04-05 06:00:00
33.0,0.0,0.0,0.0,8.74,38.68,0.0,2024-04-05 07:00:00
171.0,0.0,0.0,0.0,11.05,66.66,7.5,2024-04-05 08:00:00
216.0,0.0,0.0,0.0,13.23,100.0,13.2,2024-04-05 09:00:00
395.0,0.0,0.0,0.0,15.17,91.66,0.0,2024-04-05 10:00:00
436.0,0.0,0.6,0.0,16.6,62.92,10.4,2024-04-05 11:00:00
498.0,0.0,1.0,0.0,17.3,99.39,17.1,2024-04-05 12:00:00
583.0,0.0,0.8,0.0,18.43,0.0,0.0,2024-04-05 13:00:00
547.0,0.0,1.0,0.0,18.92,0.0,0.0,2024-04-05 14:00:00
593.0,0.0,1.3,0.0,19.75,75.0,0.0,2024-04-05 15:00:00
356.0,0.0,1.0,0.0,19.1,0.0,0.0,2024-04-05 16:00:00
286.0,0.0,1.1,0.0,19.27,0.0,0.0,2024-04-05 17:00:00
38.0,0.0,1.1,0.0,17.05,0.0,0.0,2024-04-05 18:00:00
15.0,0.6,0.4,0.0,14.99,0.0,0.0,2024-04-05 19:00:00
0.0,0.0,0.5,0.0,13.9,0.0,0.0,2024-04-05 20:00:00
0.0,0.0,0.2,0.0,13.27,0.0,0.0,2024-04-05 21:00:00
0.0,0.0,0.1,0.0,12.27,0.0,0.0,2024-04-05 22:00:00
0.0,0.0,0.1,0.0,10.95,8.33,0.0,2024-04-05 23:00:00
0.0,0.0,0.4,0.0,10.52,16.66,1.7,2024-04-06 00:00:00
0.0,0.0,0.2,0.0,10.07,0.0,0.0,2024-04-06 01:00:00
0.0,0.0,0.2,0.0,8.54,8.33,0.0,2024-04-06 02:00:00
0.0,0.0,0.0,0.0,7.63,0.0,0.0,2024-04-06 03:00:00
0.0,0.0,0.0,0.0,6.45,0.0,0.0,2024-04-06 04:00:00
0.0,0.0,0.0,0.0,4.82,0.0,0.0,2024-04-06 05:00:00
0.0,0.0,0.0,0.0,4.4,66.66,2.9,2024-04-06 06:00:00
34.0,0.0,0.0,0.0,5.3,100.0,5.2,2024-04-06 07:00:00
205.0,0.0,0.1,0.0,8.6,100.0,8.5,2024-04-06 08:00:00
394.0,0.0,0.8,0.0,11.55,100.0,11.5,2024-04-06 09:00:00
560.0,0.0,1.2,0.0,13.68,100.0,13.6,2024-04-06 10:00:00
683.0,0.0,1.8,0.0,15.08,91.64,0.0,2024-04-06 11:00:00
759.0,0.0,1.9,0.0,15.92,91.66,0.0,2024-04-06 12:00:00
759.0,0.0,1.8,0.0,16.67,75.0,0.0,2024-04-06 13:00:00
660.0,0.0,1.7,0.0,17.37,0.0,0.0,2024-04-06 14:00:00
379.0,0.0,1.5,0.0,17.04,0.0,0.0,2024-04-06 15:00:00
273.0,0.0,1.5,0.0,16.82,0.0,0.0,2024-04-06 16:00:00
321.0,0.0,1.0,0.0,17.77,0.0,0.0,2024-04-06 17:00:00
129.0,0.0,1.3,0.0,17.37,16.66,2.8,2024-04-06 18:00:00
17.0,0.0,0.6,0.0,15.95,8.33,0.0,2024-04-06 19:00:00
0.0,0.0,0.1,0.0,13.65,0.0,0.0,2024-04-06 20:00:00
0.0,0.0,0.0,0.0,12.08,0.0,0.0,2024-04-06 21:00:00
0.0,0.0,0.0,0.0,9.51,0.0,0.0,2024-04-06 22:00:00
0.0,0.0,0.0,0.0,8.05,41.66,0.0,2024-04-06 23:00:00
0.0,0.0,0.0,0.0,8.1,41.66,0.0,2024-04-07 00:00:00
0.0,0.0,0.0,0.0,7.74,0.0,0.0,2024-04-07 01:00:00
0.0,0.0,0.0,0.0,6.26,0.0,0.0,2024-04-07 02:00:00
0.0,0.0,0.0,0.0,7.07,0.0,0.0,2024-04-07 03:00:00
0.0,0.0,0.0,0.0,6.21,0.0,0.0,2024-04-07 04:00:00
0.0,0.0,0.0,0.0,3.99,0.0,0.0,2024-04-07 05:00:00
0.0,0.0,0.0,0.0,3.08,0.0,0.0,2024-04-07 06:00:00
36.0,0.0,0.0,0.0,4.1,83.33,3.7,2024-04-07 07:00:00
205.0,0.0,0.1,0.0,7.96,15.65,1.3,2024-04-07 08:00:00
398.0,0.0,0.8,0.0,11.79,91.66,0.0,2024-04-07 09:00:00
563.0,0.0,1.4,0.0,14.79,33.33,4.6,2024-04-07 10:00:00
695.0,0.0,2.1,0.0,16.83,0.0,0.0,2024-04-07 11:00:00
771.0,0.0,1.8,0.0,18.29,0.0,0.0,2024-04-07 12:00:00
788.0,0.0,2.0,0.0,19.48,0.0,0.0,2024-04-07 13:00:00
734.0,0.0,1.3,0.0,20.88,0.0,0.0,2024-04-07 14:00:00
636.0,0.0,1.3,0.0,21.45,0.0,0.0,2024-04-07 15:00:00
491.0,0.0,2.0,0.0,21.12,0.0,0.0,2024-04-07 16:00:00
316.0,0.0,1.1,0.0,21.02,0.0,0.0,2024-04-07 17:00:00
134.0,0.0,1.8,0.0,19.92,0.0,0.0,2024-04-07 18:00:00
19.0,0.0,0.4,0.0,17.93,0.0,0.0,2024-04-07 19:00:00
0.0,0.0,0.0,0.0,15.28,0.0,0.0,2024-04-07 20:00:00
0.0,0.0,0.1,0.0,14.03,8.33,0.0,2024-04-07 21:00:00
0.0,0.0,0.3,0.0,13.37,49.12,6.5,2024-04-07 22:00:00
0.0,0.0,0.5,0.0,13.19,0.0,0.0,2024-04-07 23:00:00
0.0,0.0,0.8,0.0,12.24,0.0,0.0,2024-04-08 00:00:00
0.0,0.0,1.1,0.0,11.48,0.0,0.0,2024-04-08 01:00:00
0.0,0.0,3.4,0.0,12.05,29.39,3.1,2024-04-08 02:00:00
0.0,0.0,4.1,0.0,11.78,0.0,0.0,2024-04-08 03:00:00
0.0,0.0,3.8,0.0,11.53,0.0,0.0,2024-04-08 04:00:00
0.0,0.0,2.7,0.0,11.15,73.15,0.0,2024-04-08 05:00:00
0.0,0.0,2.3,0.0,10.71,15.66,1.5,2024-04-08 06:00:00
42.0,0.0,3.3,0.0,11.48,0.0,0.0,2024-04-08 07:00:00
216.0,0.0,2.5,0.0,12.65,8.33,0.0,2024-04-08 08:00:00
412.0,0.0,5.1,0.0,15.49,0.0,0.0,2024-04-08 09:00:00
578.0,0.0,5.8,0.0,17.55,0.0,0.0,2024-04-08 10:00:00
705.0,0.0,6.4,0.0,19.3,0.0,0.0,2024-04-08 11:00:00
776.0,0.0,6.4,0.0,20.8,0.0,0.0,2024-04-08 12:00:00
793.0,0.0,6.7,0.0,22.41,0.0,0.0,2024-04-08 13:00:00
747.0,0.0,6.8,0.0,22.85,0.0,0.0,2024-04-08 14:00:00
648.0,0.0,6.7,0.0,23.29,0.0,0.0,2024-04-08 15:00:00
500.0,0.0,6.1,0.0,23.35,0.0,0.0,2024-04-08 16:00:00
323.0,0.0,6.1,0.0,22.96,8.33,0.0,2024-04-08 17:00:00
139.0,0.0,5.8,0.0,22.17,25.0,0.0,2024-04-08 18:00:00
19.0,0.0,4.0,0.0,20.42,32.15,6.6,2024-04-08 19:00:00
0.0,0.0,2.0,0.0,17.9,30.93,4.7,2024-04-08 20:00:00
0.0,0.0,0.5,0.0,15.39,28.09,0.0,2024-04-08 21:00:00
0.0,0.0,0.1,0.0,13.57,0.0,0.0,2024-04-08 22:00:00
0.0,0.0,0.1,0.0,12.89,33.33,4.2,2024-04-08 23:00:00
0.0,0.0,0.4,0.0,11.95,0.0,0.0,2024-04-09 00:00:00
0.0,0.0,2.0,0.0,12.64,0.0,0.0,2024-04-09 01:00:00
0.0,0.0,0.8,0.0,11.51,0.0,0.0,2024-04-09 02:00:00
0.0,0.0,0.7,0.0,11.4,16.66,1.7,2024-04-09 03:00:00
0.0,0.0,0.6,0.0,10.01,7.31,0.0,2024-04-09 04:00:00
0.0,0.0,0.2,0.0,9.18,83.33,7.5,2024-04-09 05:00:00
0.0,0.0,1.0,0.0,8.51,66.66,5.6,2024-04-09 06:00:00
46.0,0.0,3.5,0.0,10.29,48.99,5.1,2024-04-09 07:00:00
209.0,0.0,3.6,0.0,12.08,100.0,12.0,2024-04-09 08:00:00
398.0,0.0,4.1,0.0,14.43,100.0,14.3,2024-04-09 09:00:00
563.0,0.0,3.2,0.0,18.18,64.74,11.3,2024-04-09 10:00:00
684.0,0.0,4.4,0.0,19.75,0.0,0.0,2024-04-09 11:00:00
748.0,0.0,4.4,0.0,20.75,0.0,0.0,2024-04-09 12:00:00
768.0,0.0,3.9,0.0,21.68,0.0,0.0,2024-04-09 13:00:00
718.0,0.0,4.0,0.0,22.66,0.0,0.0,2024-04-09 14:00:00
618.0,0.0,4.3,0.0,22.88,58.33,0.0,2024-04-09 15:00:00
474.0,0.0,4.3,0.0,22.89,33.33,7.6,2024-04-09 16:00:00
301.0,0.0,4.2,0.0,22.77,16.66,3.7,2024-04-09 17:00:00
130.0,0.0,4.6,0.0,21.97,0.0,0.0,2024-04-09 18:00:00
22.0,0.0,3.5,0.0,20.44,0.0,0.0,2024-04-09 19:00:00
0.0,0.0,2.0,0.0,18.52,0.0,0.0,2024-04-09 20:00:00
0.0,0.0,3.6,0.0,17.48,0.0,0.0,2024-04-09 21:00:00
0.0,0.0,4.8,0.0,16.68,0.0,0.0,2024-04-09 22:00:00
0.0,0.0,5.1,0.0,16.0,37.01,0.0,2024-04-09 23:00:00
0.0,0.0,3.5,0.0,15.08,8.61,0.8,2024-04-10 00:00:00
0.0,0.0,0.9,0.0,13.25,83.16,10.7,2024-04-10 01:00:00
0.0,0.0,2.2,0.0,12.75,58.33,0.0,2024-04-10 02:00:00
0.0,0.0,1.4,0.0,12.73,16.66,2.1,2024-04-10 03:00:00
0.0,0.0,0.6,0.0,10.78,66.66,7.2,2024-04-10 04:00:00
0.0,0.0,0.9,0.0,10.08,41.66,0.0,2024-04-10 05:00:00
0.0,0.0,0.7,0.0,9.67,91.66,0.0,2024-04-10 06:00:00
47.0,0.0,1.2,0.0,10.35,100.0,10.2,2024-04-10 07:00:00
207.0,0.0,3.4,0.0,12.49,100.0,12.4,2024-04-10 08:00:00
380.0,0.0,4.7,0.0,14.46,91.66,0.0,2024-04-10 09:00:00
551.0,0.0,5.4,0.0,16.82,100.0,16.7,2024-04-10 10:00:00
654.0,0.0,5.7,0.0,18.58,75.0,0.0,2024-04-10 11:00:00
707.0,0.0,5.4,0.0,19.64,8.33,0.0,2024-04-10 12:00:00
731.0,0.0,5.4,0.0,19.54,75.51,0.0,2024-04-10 13:00:00
694.0,0.0,5.2,0.0,19.93,62.28,12.3,2024-04-10 14:00:00
570.0,0.0,5.6,0.0,20.05,63.84,12.8,2024-04-10 15:00:00
441.0,0.0,5.3,0.0,19.86,65.4,13.0,2024-04-10 16:00:00
277.0,0.0,5.2,0.0,20.04,61.68,12.4,2024-04-10 17:00:00
117.0,0.0,4.1,0.0,19.45,69.88,13.6,2024-04-10 18:00:00
21.0,0.0,1.8,0.0,18.49,86.94,16.1,2024-04-10 19:00:00
0.0,0.0,0.1,0.0,16.8,82.22,13.7,2024-04-10 20:00:00
0.0,0.0,0.0,0.0,16.22,74.58,0.0,2024-04-10 21:00:00
0.0,0.0,0.0,0.0,15.7,91.66,0.0,2024-04-10 22:00:00
0.0,0.0,0.3,0.0,15.18,100.0,15.1,2024-04-10 23:00:00
0.0,0.0,0.0,0.0,14.17,8.33,0.0,2024-04-11 00:00:00
0.0,0.0,0.1,0.0,13.72,100.0,13.6,2024-04-11 01:00:00
0.0,0.0,0.0,0.0,13.16,100.0,13.1,2024-04-11 02:00:00
0.0,0.0,0.0,0.0,12.84,100.0,12.8,2024-04-11 03:00:00
0.0,0.0,0.1,0.0,12.28,100.0,12.2,2024-04-11 04:00:00
0.0,0.0,0.1,0.0,11.65,100.0,11.6,2024-04-11 05:00:00
0.0,0.0,0.5,0.0,11.25,100.0,11.2,2024-04-11 06:00:00
53.0,0.0,1.2,0.0,11.82,100.0,11.7,2024-04-11 07:00:00
206.0,0.0,2.3,0.0,13.6,50.0,6.5,2024-04-11 08:00:00
355.0,0.0,3.2,0.0,15.51,0.0,0.0,2024-04-11 09:00:00
539.0,0.0,4.0,0.0,17.5,0.0,0.0,2024-04-11 10:00:00
659.0,0.0,6.0,0.0,18.51,0.0,0.0,2024-04-11 11:00:00
722.0,0.0,5.3,0.0,20.12,21.38,4.3,2024-04-11 12:00:00
645.0,0.0,5.0,0.0,21.84,45.55,10.0,2024-04-11 13:00:00
539.0,0.0,5.3,0.0,22.8,60.57,0.0,2024-04-11 14:00:00
581.0,0.0,6.1,0.0,23.89,41.66,0.0,2024-04-11 15:00:00
462.0,0.0,6.7,0.0,23.83,0.0,0.0,2024-04-11 16:00:00
303.0,0.0,6.7,0.0,23.04,13.68,3.2,2024-04-11 17:00:00
153.0,0.0,4.7,0.0,22.72,16.66,3.8,2024-04-11 18:00:00
23.0,0.0,3.5,0.0,21.41,8.33,0.0,2024-04-11 19:00:00
0.0,0.0,1.2,0.0,19.32,0.0,0.0,2024-04-11 20:00:00
0.0,0.0,0.1,0.0,17.88,36.3,0.0,2024-04-11 21:00:00
0.0,0.0,0.1,0.0,16.77,67.1,10.4,2024-04-11 22:00:00
0.0,0.0,0.0,0.0,16.15,69.61,10.4,2024-04-11 23:00:00
0.0,0.0,0.0,0.0,15.62,73.69,10.8,2024-04-12 00:00:00
0.0,0.0,0.0,0.0,14.73,84.73,12.0,2024-04-12 01:00:00
0.0,0.0,0.0,0.0,13.89,97.2,13.3,2024-04-12 02:00:00
0.0,0.0,0.0,0.0,13.12,100.0,13.0,2024-04-12 03:00:00
0.0,0.0,0.2,0.0,12.61,99.83,12.5,2024-04-12 04:00:00
0.0,0.0,0.4,0.0,12.23,99.93,12.1,2024-04-12 05:00:00
0.0,0.0,0.2,0.0,11.33,100.0,11.2,2024-04-12 06:00:00
48.0,0.0,0.0,0.0,11.73,100.0,11.6,2024-04-12 07:00:00
164.0,0.0,0.0,0.0,13.99,99.88,13.9,2024-04-12 08:00:00
413.0,0.0,0.4,0.0,16.23,88.03,14.0,2024-04-12 09:00:00
560.0,0.0,0.5,0.0,17.96,81.15,14.5,2024-04-12 10:00:00
697.0,0.0,0.6,0.0,20.28,80.22,16.6,2024-04-12 11:00:00
613.0,0.0,1.0,0.0,20.55,96.84,19.9,2024-04-12 12:00:00
639.0,0.0,0.7,0.0,21.3,89.44,0.0,2024-04-12 13:00:00
556.0,0.0,0.9,0.0,21.71,8.33,0.0,2024-04-12 14:00:00
572.0,0.0,1.1,0.0,23.06,16.66,3.8,2024-04-12 15:00:00
466.0,0.0,0.4,0.0,23.99,0.0,0.0,2024-04-12 16:00:00
295.0,0.0,0.5,0.0,24.21,0.0,0.0,2024-04-12 17:00:00
114.0,0.0,0.9,0.0,22.46,0.0,0.0,2024-04-12 18:00:00
11.0,0.0,1.3,0.0,19.84,0.0,0.0,2024-04-12 19:00:00
0.0,0.0,0.9,0.0,18.22,91.66,0.0,2024-04-12 20:00:00
0.0,0.0,0.1,0.0,17.16,91.66,0.0,2024-04-12 21:00:00
0.0,0.0,0.6,0.0,16.44,100.0,16.3,2024-04-12 22:00:00
0.0,0.0,1.1,0.0,15.01,100.0,14.9,2024-04-12 23:00:00
0.0,0.0,1.7,0.0,15.01,91.66,0.0,2024-04-13 00:00:00
0.0,0.0,1.8,0.0,14.41,83.33,11.9,2024-04-13 01:00:00
0.0,0.0,1.6,0.0,13.84,100.0,13.7,2024-04-13 02:00:00
0.0,0.0,1.0,0.0,13.07,100.0,13.0,2024-04-13 03:00:00
0.0,0.0,1.6,0.0,12.71,100.0,12.6,2024-04-13 04:00:00
0.0,0.0,1.5,0.0,11.82,100.0,11.7,2024-04-13 05:00:00
0.0,0.0,1.2,0.0,11.91,100.0,11.8,2024-04-13 06:00:00
32.0,0.0,1.0,0.0,12.48,100.0,12.4,2024-04-13 07:00:00
143.0,0.0,1.6,0.0,13.37,100.0,13.3,2024-04-13 08:00:00
282.0,0.0,2.4,0.0,14.95,100.0,14.9,2024-04-13 09:00:00
533.0,0.0,2.0,0.0,17.04,99.23,16.8,2024-04-13 10:00:00
663.0,0.0,2.4,0.0,18.68,92.35,17.3,2024-04-13 11:00:00
620.0,0.0,2.7,0.0,19.22,80.53,15.6,2024-04-13 12:00:00
620.0,0.0,3.0,0.0,19.44,80.05,15.8,2024-04-13 13:00:00
672.0,0.0,3.0,0.0,19.17,87.51,16.8,2024-04-13 14:00:00
285.0,0.0,2.5,0.0,18.05,96.39,17.3,2024-04-13 15:00:00
